"TM","WD","WSPD","WS_GST","VIS","RVR1","RVR2","RVR3","RVR4","WC","TMP","TD","PS","PA","RN","HM","CA_TOT","CLA_1LYR","BASE_1LYR","CLF_1LYR","CLA_2LYR","BASE_2LYR","CLF_2LYR","CLA_3LYR","BASE_3LYR","CLF_3LYR","CLA_4LYR","BASE_4LYR","CLF_4LYR"
"2018083124","36","7","","","","","","","","230","221","10111","10101","","95","","","","","","","","","","","","",""
"2018090101","36","4","","","","","","","","226","218","10111","10101","","95","","","","","","","","","","","","",""
"2018090102","1","7","","","","","","","","214","199","10110","10100","","91","","","","","","","","","","","","",""
"2018090103","36","2","","","","","","","","213","190","10113","10103","","87","","","","","","","","","","","","",""
"2018090104","32","3","","","","","","","","208","196","10117","10107","","93","","","","","","","","","","","","",""
"2018090105","29","1","","","","","","","","205","199","10115","10105","","97","","","","","","","","","","","","",""
"2018090106","19","2","","1000","","","","","","210","202","10119","10109","","95","8","5","30","6","8","100","4","","","","","",""
"2018090107","2","1","","600","","","","","10","211","204","10126","10116","","96","8","5","25","6","8","100","4","","","","","",""
"2018090108","19","3","","600","","","","","10","214","206","10129","10119","","95","8","5","25","6","8","100","4","","","","","",""
"2018090109","35","2","","600","","","","","10","214","205","10133","10123","0","95","8","1","12","7","5","25","6","8","100","4","","",""
"2018090110","35","3","","600","","","","","10","222","212","10132","10122","","94","8","1","12","7","5","30","6","8","100","4","","",""
"2018090111","9","2","","600","","","","","61","224","212","10131","10121","0","93","8","2","12","7","5","25","6","8","100","4","","",""
"2018090112","35","4","","800","","","","","10","243","219","10126","10116","0","86","7","4","20","6","7","70","4","","","","","",""
"2018090113","17","3","","1000","","","","","","254","218","10121","10111","","81","7","5","30","6","7","160","0","","","","","",""
"2018090114","6","11","22","1000","","","","","","261","212","10115","10105","","75","5","5","30","6","","","","","","","","",""
"2018090115","5","11","23","1000","","","","","","259","206","10114","10104","","73","6","4","30","6","6","160","0","","","","","",""
"2018090116","5","11","24","1000","","","","","","250","200","10116","10106","","74","6","4","30","6","6","130","4","","","","","",""
"2018090117","2","10","22","1000","","","","","","239","186","10121","10111","","72","7","5","30","6","7","120","4","","","","","",""
"2018090118","3","9","","1000","","","","","","236","190","10123","10113","","76","7","4","30","6","7","120","4","","","","","",""
"2018090119","2","10","","1000","","","","","","230","189","10124","10114","","78","6","4","25","6","6","120","4","","","","","",""
"2018090120","1","9","","1000","","","","","","226","188","10133","10123","","79","6","4","25","6","6","120","4","","","","","",""
"2018090121","2","9","","1000","","","","","","221","187","10134","10124","","81","6","4","25","6","6","120","4","","","","","",""
"2018090122","1","7","","1000","","","","","","213","181","10133","10123","","82","6","4","25","6","6","120","4","","","","","",""
"2018090123","1","5","","","","","","","","210","177","10136","10126","","81","","","","","","","","","","","","",""
"2018090124","1","7","","","","","","","","212","175","10137","10127","","80","","","","","","","","","","","","",""
"2018090201","2","6","","","","","","","","210","178","10136","10126","","82","","","","","","","","","","","","",""
"2018090202","36","6","","","","","","","","213","178","10131","10121","","81","","","","","","","","","","","","",""
"2018090203","1","7","","","","","","","","210","177","10129","10119","","82","","","","","","","","","","","","",""
"2018090204","36","3","","","","","","","","200","180","10127","10117","","89","","","","","","","","","","","","",""
"2018090205","36","2","","","","","","","","200","182","10126","10116","","89","","","","","","","","","","","","",""
"2018090206","36","4","","1000","","","","","","191","180","10126","10116","","93","4","4","30","6","","","","","","","","",""
"2018090207","34","2","","1000","","","","","","207","187","10127","10117","","88","5","5","30","6","","","","","","","","",""
"2018090208","35","7","","1000","","","","","","223","189","10123","10113","","81","4","4","30","6","","","","","","","","",""
"2018090209","2","7","","1000","","","","","","230","186","10120","10110","","76","4","4","30","6","","","","","","","","",""
"2018090210","7","6","","1000","","","","","","237","179","10123","10113","","70","6","6","30","6","","","","","","","","",""
"2018090211","5","7","","1000","","","","","","239","181","10119","10109","","70","7","7","30","6","","","","","","","","",""
"2018090212","2","7","","1000","","","","","","236","177","10112","10102","","69","7","7","30","6","","","","","","","","",""
"2018090213","5","6","","1000","","","","","","237","186","10106","10096","","73","7","7","30","6","","","","","","","","",""
"2018090214","5","5","","1000","","","","","","240","186","10101","10091","","72","7","7","30","6","","","","","","","","",""
"2018090215","6","4","","1000","","","","","","238","192","10098","10088","","76","7","7","30","6","","","","","","","","",""
"2018090216","1","5","","1000","","","","","","236","193","10097","10087","","77","8","6","30","6","8","80","4","","","","","",""
"2018090217","2","6","","1000","","","","","","231","193","10098","10088","","79","8","6","30","6","8","80","4","","","","","",""
"2018090218","33","3","","1000","","","","","","228","201","10098","10088","","85","8","2","20","6","4","30","6","8","80","4","","",""
"2018090219","32","2","","1000","","","","","","221","204","10096","10086","","90","8","6","25","6","8","80","4","","","","","",""
"2018090220","34","4","","1000","","","","","","218","205","10101","10091","","93","8","6","30","6","8","80","4","","","","","",""
"2018090221","36","4","","1000","","","","","","217","206","10099","10089","","93","8","6","30","6","8","100","4","","","","","",""
"2018090222","36","5","","1000","","","","","","212","209","10097","10087","","98","8","6","25","6","8","100","4","","","","","",""
"2018090223","36","6","","","","","","","","208","207","10093","10083","5","99","","","","","","","","","","","","",""
"2018090224","1","6","","","","","","","","208","206","10088","10078","","99","","","","","","","","","","","","",""
"2018090301","36","4","","","","","","","","208","207","10084","10074","","99","","","","","","","","","","","","",""
"2018090302","1","5","","","","","","","","209","207","10079","10069","","99","","","","","","","","","","","","",""
"2018090303","1","4","","","","","","","","208","207","10073","10063","","99","","","","","","","","","","","","",""
"2018090304","1","4","","","","","","","","209","207","10070","10060","","99","","","","","","","","","","","","",""
"2018090305","36","4","","","","","","","","210","208","10071","10061","","99","","","","","","","","","","","","",""
"2018090306","33","4","","400","","","","","10","211","209","10067","10057","","99","8","1","8","7","5","25","6","8","100","4","","",""
"2018090307","2","3","","500","","","","","10","215","213","10066","10056","","99","8","1","10","7","5","25","6","8","100","4","","",""
"2018090308","4","1","","500","","","","","61","225","215","10065","10055","0","94","8","2","8","7","5","25","6","8","100","4","","",""
"2018090309","19","9","","280","","","","","63","230","227","10065","10055","30","98","8","4","8","7","6","20","6","8","80","4","","",""
"2018090310","19","2","","420","","","","","61","237","234","10062","10052","30","98","8","4","8","7","6","20","6","8","80","4","","",""
"2018090311","14","2","","350","","","","","61","245","243","10056","10046","15","99","8","4","8","7","6","20","6","8","80","4","","",""
"2018090312","22","3","","450","","","","","61","262","250","10050","10040","20","93","8","4","8","7","6","20","6","8","80","4","","",""
"2018090313","21","7","","700","","","","","10","274","245","10040","10030","0","84","8","4","30","6","8","90","4","","","","","",""
"2018090314","21","7","","700","","","","","10","275","245","10036","10026","","83","8","4","30","6","8","90","4","","","","","",""
"2018090315","21","7","","800","","","","","10","281","244","10024","10014","","80","8","4","30","6","8","90","4","","","","","",""
"2018090316","20","9","","800","","","","","10","276","235","10021","10011","","78","8","4","30","6","8","90","4","","","","","",""
"2018090317","20","9","","1000","","","","","","273","234","10016","10006","","79","8","4","30","6","8","90","4","","","","","",""
"2018090318","19","7","","1000","","","","","","269","238","10012","10002","","83","7","3","30","6","7","90","4","","","","","",""
"2018090319","19","10","","1000","","","","","","266","231","10010","10000","","81","7","3","30","6","7","90","4","","","","","",""
"2018090320","19","7","","1000","","","","","","263","233","10011","10001","","84","7","3","30","6","7","90","4","","","","","",""
"2018090321","19","6","","1000","","","","","","255","230","10009","9999","","86","7","3","30","6","7","90","4","","","","","",""
"2018090322","17","8","","1000","","","","","","248","239","10006","9996","","95","7","3","30","6","7","90","4","","","","","",""
"2018090323","19","7","","","","","","","","252","235","9999","9989","","90","","","","","","","","","","","","",""
"2018090324","17","6","","","","","","","","253","241","9990","9980","","93","","","","","","","","","","","","",""
"2018090401","17","7","","","","","","","","250","240","9979","9969","","94","","","","","","","","","","","","",""
"2018090402","18","5","","","","","","","","251","237","9971","9961","","92","","","","","","","","","","","","",""
"2018090403","17","4","","","","","","","","247","237","9962","9952","","94","","","","","","","","","","","","",""
"2018090404","18","3","","","","","","","","243","235","9957","9947","","95","","","","","","","","","","","","",""
"2018090405","2","3","","480","","","","","61","236","234","9962","9952","0","99","","","47","","","","","","","","","",""
"2018090406","32","3","","300","","","","","61","233","233","9966","9956","0","100","8","2","12","7","5","25","6","8","100","4","","",""
"2018090407","36","9","","480","","","","","61","234","230","9970","9960","5","98","8","1","12","7","5","25","6","8","120","4","","",""
"2018090408","36","14","","1000","","","","","21","214","187","9966","9956","0","85","7","4","25","6","7","120","4","","","","","",""
"2018090409","36","11","","1000","","","","","","217","183","9960","9950","","81","7","4","25","6","7","140","3","","","","","",""
"2018090410","1","9","","1000","","","","","","222","189","9955","9945","","82","7","2","40","6","7","140","3","","","","","",""
"2018090411","36","11","","1000","","","","","","228","192","9951","9941","","80","7","4","40","6","7","130","4","","","","","",""
"2018090412","36","10","","1000","","","","","","244","200","9944","9934","","76","5","1","40","6","5","130","3","","","","","",""
"2018090413","1","10","","1000","","","","","","270","216","9934","9924","","73","3","3","140","3","","","","","","","","",""
"2018090414","36","10","","1000","","","","","","283","211","9929","9919","","65","2","2","40","6","","","","","","","","",""
"2018090415","33","9","","1000","","","","","","286","198","9930","9920","","59","3","3","40","6","","","","","","","","",""
"2018090416","30","9","","1000","","","","","","294","200","9936","9926","","57","2","2","40","6","","","","","","","","",""
"2018090417","31","6","17","1000","","","","","","298","185","9947","9937","","51","2","2","40","6","","","","","","","","",""
"2018090418","32","4","","1000","","","","","","280","186","9960","9950","","57","1","1","40","6","","","","","","","","",""
"2018090419","30","5","","1000","","","","","","242","194","9971","9961","","75","1","1","40","6","","","","","","","","",""
"2018090420","35","2","","1000","","","","","","231","185","9981","9971","","75","1","1","40","6","","","","","","","","",""
"2018090421","34","4","","1000","","","","","","205","183","9991","9981","","87","1","1","40","6","","","","","","","","",""
"2018090422","31","3","","1000","","","","","","198","178","9996","9986","","88","1","1","40","6","","","","","","","","",""
"2018090423","33","6","","","","","","","","195","171","9996","9986","","86","","","","","","","","","","","","",""
"2018090424","34","6","","","","","","","","188","169","10001","9991","","90","","","","","","","","","","","","",""
"2018090501","33","5","","","","","","","","186","167","10004","9994","","89","","","","","","","","","","","","",""
"2018090502","32","4","","","","","","","","188","158","10005","9995","","83","","","","","","","","","","","","",""
"2018090503","27","2","","","","","","","","178","160","10007","9997","","89","","","","","","","","","","","","",""
"2018090504","3","1","","","","","","","","176","159","10010","10000","","90","","","","","","","","","","","","",""
"2018090505","35","2","","","","","","","","171","154","10017","10007","","90","","","","","","","","","","","","",""
"2018090506","31","2","","1000","","","","","","164","155","10022","10012","","94","1","1","30","6","","","","","","","","",""
"2018090507","24","3","","1000","","","","","","207","166","10028","10018","","78","1","1","30","6","","","","","","","","",""
"2018090508","22","6","","1000","","","","","","222","160","10031","10021","","68","3","1","30","6","3","180","0","","","","","",""
"2018090509","21","5","","1000","","","","","","246","171","10034","10024","","63","1","1","140","3","","","","","","","","",""
"2018090510","23","6","","1000","","","","","","262","163","10035","10025","","55","1","1","200","0","","","","","","","","",""
"2018090511","30","8","","1000","","","","","","272","153","10033","10023","","48","1","1","40","6","","","","","","","","",""
"2018090512","25","8","","1000","","","","","","282","158","10031","10021","","47","1","1","40","6","","","","","","","","",""
"2018090513","26","8","","1000","","","","","","284","162","10026","10016","","48","2","2","40","6","","","","","","","","",""
"2018090514","30","6","","1000","","","","","","292","162","10019","10009","","46","3","1","40","6","3","140","3","","","","","",""
"2018090515","25","8","","1000","","","","","","295","164","10018","10008","","45","3","1","40","6","3","140","3","","","","","",""
"2018090516","27","7","","1000","","","","","","296","164","10018","10008","","45","3","2","40","6","3","140","3","","","","","",""
"2018090517","30","7","","1000","","","","","","291","148","10019","10009","","42","2","2","40","6","","","","","","","","",""
"2018090518","30","4","","1000","","","","","","278","155","10025","10015","","47","1","1","40","6","","","","","","","","",""
"2018090519","28","3","","1000","","","","","","236","181","10031","10021","","71","1","1","40","6","","","","","","","","",""
"2018090520","35","5","","1000","","","","","","219","183","10040","10030","","80","0","","","","","","","","","","","",""
"2018090521","34","4","","1000","","","","","","205","183","10048","10038","","87","0","","","","","","","","","","","",""
"2018090522","34","4","","1000","","","","","","199","181","10049","10039","","90","4","4","180","0","","","","","","","","",""
"2018090523","35","4","","","","","","","","191","173","10050","10040","","90","","","","","","","","","","","","",""
"2018090524","35","4","","","","","","","","180","171","10053","10043","","94","","","","","","","","","","","","",""
"2018090601","33","4","","","","","","","","171","166","10054","10044","","97","","","","","","","","","","","","",""
"2018090602","34","4","","","","","","","","167","162","10056","10046","","97","","","","","","","","","","","","",""
"2018090603","1","4","","","","","","","","166","161","10060","10050","","97","","","","","","","","","","","","",""
"2018090604","34","4","","","","","","","","161","158","10064","10054","","98","","","","","","","","","","","","",""
"2018090605","36","4","","","","","","","","162","159","10065","10055","","98","","","","","","","","","","","","",""
"2018090606","34","3","","1000","","","","","","166","160","10070","10060","","96","5","5","200","2","","","","","","","","",""
"2018090607","36","5","","1000","","","","","","181","172","10071","10061","","95","5","5","150","3","","","","","","","","",""
"2018090608","1","4","","1000","","","","","","207","172","10075","10065","","81","6","6","150","3","","","","","","","","",""
"2018090609","36","4","","1000","","","","","","229","172","10076","10066","","71","6","6","150","3","","","","","","","","",""
"2018090610","2","4","","1000","","","","","","240","168","10078","10068","","64","7","7","150","3","","","","","","","","",""
"2018090611","17","1","","1000","","","","","","272","178","10075","10065","","56","7","7","150","3","","","","","","","","",""
"2018090612","36","2","","1000","","","","","","271","168","10061","10051","","54","7","7","150","3","","","","","","","","",""
"2018090613","20","5","","1000","","","","","","279","163","10060","10050","","49","7","7","150","3","","","","","","","","",""
"2018090614","25","5","","1000","","","","","","279","160","10055","10045","","49","7","7","150","3","","","","","","","","",""
"2018090615","23","5","","1000","","","","","","274","169","10051","10041","","53","7","7","150","3","","","","","","","","",""
"2018090616","22","7","","1000","","","","","","266","160","10051","10041","","53","8","8","120","4","","","","","","","","",""
"2018090617","22","4","","1000","","","","","","253","167","10056","10046","","59","8","8","120","4","","","","","","","","",""
"2018090618","1","3","","1000","","","","","","232","190","10049","10039","","78","8","8","120","4","","","","","","","","",""
"2018090619","1","3","","1000","","","","","","225","192","10055","10045","","82","8","8","120","4","","","","","","","","",""
"2018090620","21","7","","1000","","","","","","242","184","10058","10048","","70","8","8","120","4","","","","","","","","",""
"2018090621","35","2","","1000","","","","","","217","196","10060","10050","","88","8","8","120","4","","","","","","","","",""
"2018090622","35","4","","1000","","","","","","216","196","10053","10043","","89","8","8","120","4","","","","","","","","",""
"2018090623","34","4","","","","","","","","220","191","10050","10040","","84","","","","","","","","","","","","",""
"2018090624","23","4","","","","","","","","241","190","10046","10036","","73","","","","","","","","","","","","",""
"2018090701","21","6","","","","","","","","238","196","10043","10033","","77","","","","","","","","","","","","",""
"2018090702","32","3","","","","","","","","220","201","10038","10028","","89","","","","","","","","","","","","",""
"2018090703","22","8","","","","","","","","244","194","10040","10030","","74","","","","","","","","","","","","",""
"2018090704","21","7","","","","","","","","243","190","10038","10028","","72","","","","","","","","","","","","",""
"2018090705","20","9","","","","","","","","242","188","10038","10028","","72","","","","","","","","","","","","",""
"2018090706","21","9","","600","","","","","61","234","201","10043","10033","0","82","8","1","15","6","5","30","6","8","120","4","","",""
"2018090707","26","3","","450","","","","","63","214","193","10049","10039","30","88","8","2","15","7","5","30","6","8","100","4","","",""
"2018090708","29","2","","500","","","","","61","207","203","10053","10043","15","97","8","2","15","7","5","30","6","8","90","5","","",""
"2018090709","34","3","","400","","","","","61","206","204","10056","10046","20","99","8","2","15","7","5","30","6","8","90","5","","",""
"2018090710","18","7","","500","","","","","63","212","206","10053","10043","40","96","8","2","15","7","5","30","6","8","90","5","","",""
"2018090711","17","9","","500","","","","","61","207","200","10054","10044","5","96","8","2","15","7","5","30","6","8","90","5","","",""
"2018090712","14","2","","500","","","","","10","215","204","10047","10037","0","94","8","4","9","7","5","30","6","8","100","4","","",""
"2018090713","19","3","","600","","","","","10","232","206","10049","10039","","86","8","4","9","7","5","30","6","8","100","4","","",""
"2018090714","22","5","","600","","","","","10","249","206","10047","10037","","77","8","2","15","7","4","30","6","8","100","4","","",""
"2018090715","25","5","","600","","","","","10","254","199","10044","10034","","72","8","2","15","7","4","30","6","8","100","4","","",""
"2018090716","21","5","","600","","","","","10","249","196","10047","10037","","73","8","2","15","7","4","30","6","8","100","4","","",""
"2018090717","26","4","","600","","","","","10","245","188","10056","10046","","71","8","2","15","7","4","30","6","8","100","4","","",""
"2018090718","5","2","","600","","","","","10","226","203","10063","10053","","87","8","2","15","7","4","30","6","8","120","4","","",""
"2018090719","36","4","","600","","","","","10","215","204","10062","10052","","94","8","2","15","7","4","30","6","8","120","4","","",""
"2018090720","34","3","","600","","","","","10","209","206","10078","10068","","98","8","3","30","6","8","120","4","","","","","",""
"2018090721","35","2","","1000","","","","","","205","198","10085","10075","","96","8","1","40","6","8","120","4","","","","","",""
"2018090722","35","5","","1000","","","","","","201","194","10086","10076","","96","8","1","40","6","8","120","4","","","","","",""
"2018090723","2","7","","","","","","","","201","176","10092","10082","","86","","","","","","","","","","","","",""
"2018090724","2","7","","","","","","","","202","172","10097","10087","","83","","","","","","","","","","","","",""
"2018090801","33","3","","","","","","","","192","167","10101","10091","","85","","","","","","","","","","","","",""
"2018090802","32","3","","1000","","","","","","189","164","10102","10092","","","","","","","","","","","","","","",""
"2018090803","35","4","","","","","","","","185","164","10105","10095","","87","","","","","","","","","","","","",""
"2018090804","35","6","","","","","","","","191","153","10104","10094","","79","","","","","","","","","","","","",""
"2018090805","34","6","","","","","","","","184","153","10108","10098","","82","","","","","","","","","","","","",""
"2018090806","36","8","","1000","","","","","","186","149","10112","10102","","79","8","8","120","4","","","","","","","","",""
"2018090807","35","8","","1000","","","","","","191","149","10119","10109","","77","8","1","40","6","8","120","4","","","","","",""
"2018090808","36","9","","1000","","","","","","197","147","10124","10114","","73","8","1","40","6","8","120","4","","","","","",""
"2018090809","36","10","","1000","","","","","","201","149","10131","10121","","72","8","1","40","6","8","120","4","","","","","",""
"2018090810","36","8","","1000","","","","","","207","155","10129","10119","","72","8","1","40","6","8","130","4","","","","","",""
"2018090811","35","5","","1000","","","","","","211","158","10128","10118","","72","8","2","40","6","8","130","4","","","","","",""
"2018090812","36","8","","1000","","","","","","224","165","10130","10120","","70","8","2","40","6","8","130","4","","","","","",""
"2018090813","35","8","","1000","","","","","","233","169","10127","10117","","67","8","2","40","6","8","130","4","","","","","",""
"2018090814","1","7","","1000","","","","","","238","182","10122","10112","","71","7","2","40","6","7","130","4","","","","","",""
"2018090815","1","8","","1000","","","","","","231","181","10117","10107","","74","7","2","40","6","7","130","4","","","","","",""
"2018090816","36","6","","1000","","","","","","227","180","10124","10114","","75","8","3","40","6","8","130","4","","","","","",""
"2018090817","4","5","","1000","","","","","","224","173","10121","10111","","73","8","2","40","6","8","130","4","","","","","",""
"2018090818","36","5","","1000","","","","","","219","173","10126","10116","","75","7","2","40","6","7","130","4","","","","","",""
"2018090819","34","8","","1000","","","","","","212","169","10127","10117","","77","7","2","40","6","7","130","4","","","","","",""
"2018090820","36","5","","1000","","","","","","205","171","10134","10124","","81","7","2","40","6","7","130","4","","","","","",""
"2018090821","35","9","","1000","","","","","","206","168","10138","10128","","79","7","2","40","6","7","130","4","","","","","",""
"2018090822","2","7","","1000","","","","","","202","170","10138","10128","","82","7","2","40","6","7","130","4","","","","","",""
"2018090823","1","7","","","","","","","","196","171","10138","10128","","86","","","","","","","","","","","","",""
"2018090824","1","9","","","","","","","","194","170","10136","10126","","86","","","","","","","","","","","","",""
"2018090901","1","9","","","","","","","","195","165","10137","10127","","83","","","","","","","","","","","","",""
"2018090902","1","8","","","","","","","","194","164","10137","10127","","83","","","","","","","","","","","","",""
"2018090903","2","9","","","","","","","","194","160","10140","10130","","81","","","","","","","","","","","","",""
"2018090904","1","7","","","","","","","","193","157","10140","10130","","80","","","","","","","","","","","","",""
"2018090905","2","7","","","","","","","","192","152","10140","10130","","78","","","","","","","","","","","","",""
"2018090906","1","10","","1000","","","","","","193","151","10141","10131","","77","8","2","40","6","8","130","4","","","","","",""
"2018090907","1","9","","1000","","","","","","193","153","10146","10136","","78","8","3","40","6","8","120","4","","","","","",""
"2018090908","1","10","","1000","","","","","","201","161","10146","10136","","78","8","3","40","6","8","120","4","","","","","",""
"2018090909","36","11","","1000","","","","","","218","169","10151","10141","","74","7","3","40","6","7","130","4","","","","","",""
"2018090910","35","9","","1000","","","","","","219","171","10152","10142","","74","7","3","40","6","7","130","4","","","","","",""
"2018090911","35","10","","1000","","","","","","227","180","10151","10141","","75","7","3","35","6","7","130","4","","","","","",""
"2018090912","36","11","","1000","","","","","","227","177","10150","10140","","74","7","3","40","6","7","130","4","","","","","",""
"2018090913","1","12","","1000","","","","","","234","184","10150","10140","","74","7","4","35","6","7","130","4","","","","","",""
"2018090914","2","10","","1000","","","","","","242","179","10147","10137","","68","6","4","35","6","6","130","4","","","","","",""
"2018090915","2","12","","1000","","","","","","238","179","10146","10136","","70","6","4","35","6","6","120","4","","","","","",""
"2018090916","5","7","","1000","","","","","","229","184","10150","10140","","76","7","4","35","6","7","120","4","","","","","",""
"2018090917","1","8","","1000","","","","","","222","177","10153","10143","","76","7","4","35","6","7","120","4","","","","","",""
"2018090918","2","9","","1000","","","","","","218","173","10157","10147","","76","7","4","35","6","7","120","4","","","","","",""
"2018090919","2","7","","1000","","","","","","211","170","10160","10150","","77","7","4","35","6","7","120","4","","","","","",""
"2018090920","3","6","","1000","","","","","","211","177","10170","10160","","81","8","5","30","6","8","120","4","","","","","",""
"2018090921","2","4","","800","","","","","10","206","179","10175","10165","0","85","8","5","30","6","8","120","4","","","","","",""
"2018090922","2","4","","800","","","","","10","203","177","10177","10167","","85","8","5","30","6","8","120","4","","","","","",""
"2018090923","3","8","","900","","","","","60","202","177","10182","10172","0","86","","","24","","","","","","","","","",""
"2018090924","2","6","","1000","","","","","","199","177","10180","10170","0","87","","","19","","","","","","","","","",""
"2018091001","1","8","","","","","","","","199","170","10181","10171","","83","","","","","","","","","","","","",""
"2018091002","36","6","","","","","","","","190","162","10181","10171","","84","","","","","","","","","","","","",""
"2018091003","36","6","","","","","","","","199","165","10183","10173","","81","","","","","","","","","","","","",""
"2018091004","2","4","","","","","","","","196","165","10188","10178","","82","","","","","","","","","","","","",""
"2018091005","35","5","","","","","","","","186","162","10189","10179","","86","","","","","","","","","","","","",""
"2018091006","36","5","","1000","","","","","","183","156","10194","10184","","84","4","4","30","6","","","","","","","","",""
"2018091007","36","6","","1000","","","","","","194","171","10201","10191","","86","6","6","30","6","","","","","","","","",""
"2018091008","2","7","","1000","","","","","","216","162","10201","10191","","72","4","4","30","6","","","","","","","","",""
"2018091009","6","8","","1000","","","","","","231","149","10204","10194","","60","4","4","30","6","","","","","","","","",""
"2018091010","6","9","22","1000","","","","","","236","150","10208","10198","","59","4","4","30","6","","","","","","","","",""
"2018091011","5","11","","1000","","","","","","235","142","10211","10201","","56","4","4","30","6","","","","","","","","",""
"2018091012","4","12","","1000","","","","","","234","140","10208","10198","","55","4","4","30","6","","","","","","","","",""
"2018091013","6","11","","1000","","","","","","239","138","10205","10195","","54","4","4","30","6","","","","","","","","",""
"2018091014","4","13","","1000","","","","","","235","135","10205","10195","","54","4","4","30","6","","","","","","","","",""
"2018091015","6","13","","1000","","","","","","233","136","10202","10192","","55","4","4","30","6","","","","","","","","",""
"2018091016","5","10","21","1000","","","","","","231","141","10203","10193","","57","4","4","30","6","","","","","","","","",""
"2018091017","3","11","","1000","","","","","","222","139","10206","10196","","59","4","4","30","6","","","","","","","","",""
"2018091018","2","8","","1000","","","","","","211","141","10210","10200","","64","4","4","30","6","","","","","","","","",""
"2018091019","1","10","","1000","","","","","","200","140","10210","10200","","68","3","3","30","6","","","","","","","","",""
"2018091020","1","8","","1000","","","","","","190","139","10214","10204","","72","3","3","30","6","","","","","","","","",""
"2018091021","36","8","","1000","","","","","","185","130","10217","10207","","70","3","3","30","6","","","","","","","","",""
"2018091022","35","10","","1000","","","","","","189","125","10218","10208","","66","3","3","30","6","","","","","","","","",""
"2018091023","36","8","","","","","","","","190","131","10217","10207","","69","","","","","","","","","","","","",""
"2018091024","36","7","","","","","","","","180","133","10215","10205","","74","","","","","","","","","","","","",""
"2018091101","36","6","","","","","","","","175","138","10213","10202","","79","","","","","","","","","","","","",""
"2018091102","1","6","","","","","","","","178","143","10210","10200","","80","","","","","","","","","","","","",""
"2018091103","4","4","","","","","","","","183","140","10210","10200","","76","","","","","","","","","","","","",""
"2018091104","2","5","","","","","","","","186","143","10211","10201","","76","","","","","","","","","","","","",""
"2018091105","1","6","","","","","","","","192","145","10212","10202","","74","","","","","","","","","","","","",""
"2018091106","36","7","","1000","","","","","","191","144","10216","10206","","74","3","3","30","6","","","","","","","","",""
"2018091107","2","7","","1000","","","","","","193","141","10218","10208","","72","4","2","30","6","4","180","0","","","","","",""
"2018091108","2","8","","1000","","","","","","208","142","10222","10212","","66","5","2","30","6","5","180","0","","","","","",""
"2018091109","3","8","","1000","","","","","","224","155","10220","10210","","65","5","3","35","6","5","180","0","","","","","",""
"2018091110","4","12","27","1000","","","","","","228","148","10223","10213","","61","5","3","35","6","5","180","0","","","","","",""
"2018091111","5","13","30","1000","","","","","","231","154","10218","10208","","62","5","3","35","6","5","180","0","","","","","",""
"2018091112","5","12","24","1000","","","","","","228","153","10213","10203","","63","6","4","35","6","6","180","0","","","","","",""
"2018091113","5","11","23","1000","","","","","","225","153","10210","10200","","64","6","4","35","6","6","180","0","","","","","",""
"2018091114","4","10","","1000","","","","","","224","150","10210","10200","","63","6","4","35","6","6","180","2","","","","","",""
"2018091115","6","10","","1000","","","","","","226","150","10203","10193","","62","7","4","35","6","7","180","2","","","","","",""
"2018091116","4","9","22","1000","","","","","","222","151","10199","10189","","64","7","4","35","6","7","180","2","","","","","",""
"2018091117","6","9","","1000","","","","","","217","150","10202","10192","","66","7","4","35","6","7","180","2","","","","","",""
"2018091118","4","8","","1000","","","","","","212","148","10197","10187","","67","7","3","35","6","7","180","2","","","","","",""
"2018091119","2","9","20","1000","","","","","","207","151","10197","10187","","70","6","3","35","6","6","180","2","","","","","",""
"2018091120","2","5","","1000","","","","","","199","147","10202","10192","","72","5","3","35","6","5","180","2","","","","","",""
"2018091121","1","4","","1000","","","","","","204","150","10205","10195","","71","5","3","35","6","5","180","2","","","","","",""
"2018091122","2","6","","1000","","","","","","207","152","10202","10192","","71","5","3","35","6","5","180","2","","","","","",""
"2018091123","35","7","","","","","","","","198","153","10197","10187","","75","","","","","","","","","","","","",""
"2018091124","1","6","","","","","","","","191","159","10195","10185","","81","","","","","","","","","","","","",""
"2018091201","36","5","","","","","","","","199","164","10194","10184","","80","","","","","","","","","","","","",""
"2018091202","36","9","","","","","","","","200","166","10186","10176","","81","","","","","","","","","","","","",""
"2018091203","1","9","","","","","","","","196","168","10183","10173","","84","","","","","","","","","","","","",""
"2018091204","1","7","","","","","","","","196","170","10181","10171","","85","","","","","","","","","","","","",""
"2018091205","36","8","","","","","","","","198","172","10178","10168","","85","","","","","","","","","","","","",""
"2018091206","1","6","","1000","","","","","","194","178","10179","10169","","91","8","4","25","6","8","120","4","","","","","",""
"2018091207","35","7","","1000","","","","","","198","178","10184","10174","","88","7","4","20","6","7","120","4","","","","","",""
"2018091208","2","5","","1000","","","","","","204","179","10185","10175","","86","7","1","12","7","4","20","6","7","130","4","","",""
"2018091209","35","9","","1000","","","","","","220","188","10184","10174","","82","7","2","12","7","5","20","6","7","130","4","","",""
"2018091210","35","9","","1000","","","","","","223","192","10189","10179","","83","7","2","12","7","5","20","6","7","130","4","","",""
"2018091211","35","9","","1000","","","","","","232","200","10186","10176","","82","6","2","12","7","5","20","6","6","130","3","","",""
"2018091212","3","7","","1000","","","","","","237","198","10183","10173","","79","6","2","12","7","5","20","6","6","130","3","","",""
"2018091213","4","7","","1000","","","","","25","237","201","10180","10170","0","80","7","2","12","7","5","20","6","7","120","3","","",""
"2018091214","1","9","","1000","","","","","","234","198","10176","10166","","81","7","2","12","7","5","20","6","7","120","3","","",""
"2018091215","1","8","","1000","","","","","","232","196","10174","10164","","80","7","2","12","7","5","20","6","7","120","3","","",""
"2018091216","3","8","","1000","","","","","","231","191","10174","10164","","79","7","5","20","6","7","130","3","","","","","",""
"2018091217","2","9","","1000","","","","","","224","184","10175","10165","","78","7","5","20","6","7","130","3","","","","","",""
"2018091218","36","8","","1000","","","","","","220","183","10177","10167","","79","7","5","20","6","7","130","3","","","","","",""
"2018091219","1","7","","1000","","","","","","217","180","10180","10170","","80","7","5","20","6","7","130","3","","","","","",""
"2018091220","36","6","","1000","","","","","","215","180","10184","10174","","81","7","4","25","6","7","130","3","","","","","",""
"2018091221","33","5","","1000","","","","","","205","179","10185","10175","","85","7","4","25","6","7","130","3","","","","","",""
"2018091222","34","4","","1000","","","","","","206","181","10183","10173","","86","7","4","25","6","7","130","3","","","","","",""
"2018091223","9","1","","","","","","","","205","184","10181","10171","","88","","","","","","","","","","","","",""
"2018091224","34","4","","","","","","","","203","183","10179","10169","","88","","","","","","","","","","","","",""
"2018091301","3","3","","","","","","","","207","183","10180","10170","","86","","","","","","","","","","","","",""
"2018091302","1","4","","","","","","","","203","181","10175","10165","","87","","","","","","","","","","","","",""
"2018091303","1","7","","","","","","","","203","175","10174","10164","","84","","","","","","","","","","","","",""
"2018091304","36","7","","","","","","","","201","176","10172","10162","","85","","","","","","","","","","","","",""
"2018091305","36","6","","","","","","","","201","177","10171","10161","","86","","","","","","","","","","","","",""
"2018091306","2","5","","1000","","","","","","201","178","10173","10163","","87","7","4","25","6","7","100","4","","","","","",""
"2018091307","36","7","","1000","","","","","","205","182","10175","10165","","87","8","5","25","6","8","80","4","","","","","",""
"2018091308","35","8","","1000","","","","","","214","187","10177","10167","","85","8","5","25","6","8","80","4","","","","","",""
"2018091309","35","8","","1000","","","","","","218","191","10182","10172","","85","8","5","25","6","8","80","4","","","","","",""
"2018091310","1","6","","1000","","","","","","225","199","10183","10173","","85","8","5","25","6","8","80","4","","","","","",""
"2018091311","36","6","","800","","","","","61","213","207","10182","10172","5","96","8","2","10","7","5","25","6","8","80","4","","",""
"2018091312","2","5","","480","","","","","61","209","207","10179","10169","35","99","8","3","10","7","5","20","6","8","80","4","","",""
"2018091313","35","5","","600","","","","","61","213","211","10180","10170","30","99","8","2","10","7","5","20","6","8","80","4","","",""
"2018091314","1","7","","800","","","","","61","221","208","10177","10167","10","92","8","2","12","7","5","25","6","8","100","4","","",""
"2018091315","3","6","","800","","","","","61","223","208","10175","10165","5","91","8","2","12","7","5","25","6","8","100","4","","",""
"2018091316","1","5","","1000","","","","","61","223","209","10172","10162","0","92","8","5","20","6","8","100","4","","","","","",""
"2018091317","36","3","","1000","","","","","61","223","206","10168","10158","5","90","8","5","20","6","8","100","4","","","","","",""
"2018091318","20","1","","1000","","","","","61","218","210","10167","10157","5","96","8","5","20","6","8","100","4","","","","","",""
"2018091319","10","2","","1000","","","","","21","224","209","10165","10155","0","92","8","5","20","6","8","100","4","","","","","",""
"2018091320","35","3","","1000","","","","","","217","213","10173","10163","","97","8","5","20","6","8","100","4","","","","","",""
"2018091321","1","4","","1000","","","","","","217","211","10177","10167","","96","8","4","25","6","8","100","4","","","","","",""
"2018091322","4","4","","800","","","","","10","212","209","10174","10164","","98","8","4","25","6","8","100","4","","","","","",""
"2018091323","1","5","","","","","","","","212","209","10173","10163","","98","","","","","","","","","","","","",""
"2018091324","35","3","","","","","","","","211","210","10173","10163","","99","","","","","","","","","","","","",""
"2018091401","3","3","","600","","","","","10","212","208","10171","10161","0","98","","","12","","","","","","","","","",""
"2018091402","36","7","","600","","","","","10","215","211","10167","10157","0","97","","","14","","","","","","","","","",""
"2018091403","1","3","","","","","","","","213","211","10163","10153","10","99","","","","","","","","","","","","",""
"2018091404","35","4","","","","","","","","213","213","10161","10151","25","100","","","","","","","","","","","","",""
"2018091405","1","2","","","","","","","","213","213","10157","10147","15","100","","","","","","","","","","","","",""
"2018091406","1","3","","420","","","","","61","213","213","10158","10148","30","100","8","2","15","7","4","25","6","8","80","5","","",""
"2018091407","13","4","","600","","","","","61","210","203","10165","10155","5","96","8","2","15","7","5","25","6","8","80","5","","",""
"2018091408","35","4","","600","","","","","61","214","206","10165","10155","5","95","8","2","15","7","5","25","6","8","80","5","","",""
"2018091409","36","6","","600","","","","","61","213","208","10165","10155","0","97","8","2","15","7","5","25","6","8","80","5","","",""
"2018091410","34","5","","600","","","","","61","225","207","10165","10155","5","90","8","2","15","7","5","25","6","8","80","5","","",""
"2018091411","1","10","","800","","","","","61","232","217","10159","10149","0","91","8","2","15","7","5","25","6","8","80","5","","",""
"2018091412","8","7","","450","","","","","61","224","214","10155","10145","5","94","8","2","15","7","5","25","6","8","80","5","","",""
"2018091413","8","6","","400","","","","","61","223","215","10152","10142","20","95","8","2","15","7","5","25","6","8","80","5","","",""
"2018091414","6","6","","400","","","","","63","227","219","10148","10138","30","95","8","2","15","7","5","25","6","8","80","5","","",""
"2018091415","7","4","","420","","","","","61","226","217","10145","10135","5","94","8","2","15","7","5","25","6","8","80","5","","",""
"2018091416","5","5","","420","","","","","61","223","214","10143","10133","5","95","8","2","15","7","5","25","6","8","80","5","","",""
"2018091417","34","5","","420","","","","","61","222","217","10141","10131","5","97","8","2","15","7","5","25","6","8","80","5","","",""
"2018091418","36","6","","420","","","","","61","221","213","10142","10132","10","95","8","4","7","7","5","12","7","8","80","5","","",""
"2018091419","30","4","","320","","","","","61","217","216","10141","10131","0","99","8","4","7","7","5","12","7","8","80","5","","",""
"2018091420","35","4","","320","","","","","61","217","217","10146","10136","10","100","8","4","7","7","5","12","7","8","80","5","","",""
"2018091421","2","4","","320","","","","","61","213","213","10146","10136","5","100","8","4","7","7","5","12","7","8","80","5","","",""
"2018091422","3","3","","300","","","","","61","213","213","10147","10137","10","100","8","4","10","7","5","20","6","8","80","5","","",""
"2018091423","36","4","","900","","","","","10","214","214","10144","10134","0","100","","","12","","","","","","","","","",""
"2018091424","4","3","","","","","","","","214","214","10143","10133","5","100","","","","","","","","","","","","",""
"2018091501","4","4","","600","","","","","","213","212","10141","10131","","100","","","","","","","","","","","","",""
"2018091502","36","8","","1000","","","","","","214","210","10141","10131","","98","","","12","","","","","","","","","",""
"2018091503","1","7","","","","","","","","213","208","10143","10133","","97","","","","","","","","","","","","",""
"2018091504","2","2","","","","","","","","211","207","10140","10130","","98","","","","","","","","","","","","",""
"2018091505","35","5","","","","","","","","213","206","10143","10133","","96","","","","","","","","","","","","",""
"2018091506","3","5","","1000","","","","","","210","204","10148","10138","","97","8","6","30","6","8","120","4","","","","","",""
"2018091507","3","5","","900","","","","","10","210","200","10151","10141","","94","8","6","30","6","8","120","4","","","","","",""
"2018091508","35","3","","1000","","","","","","213","203","10154","10144","","94","8","2","15","7","6","30","6","8","120","4","","",""
"2018091509","35","6","","600","","","","","10","218","205","10156","10146","","93","8","4","10","7","5","20","6","8","100","4","","",""
"2018091510","35","5","","600","","","","","10","223","205","10157","10147","","90","8","4","10","7","5","20","6","8","100","4","","",""
"2018091511","35","6","","600","","","","","10","229","211","10156","10146","","89","8","4","10","7","5","20","6","8","100","4","","",""
"2018091512","35","3","","800","","","","","10","240","212","10150","10140","","84","8","4","10","7","5","20","6","8","100","4","","",""
"2018091513","34","5","","800","","","","","10","245","211","10144","10134","","82","8","4","15","7","5","30","6","8","120","4","","",""
"2018091514","8","3","","1000","","","","","","248","212","10140","10130","","81","8","4","15","7","5","30","6","8","120","4","","",""
"2018091515","8","1","","1000","","","","","","250","215","10139","10129","","81","8","4","15","7","5","30","6","8","120","4","","",""
"2018091516","6","3","","800","","","","","10","245","215","10138","10128","","83","8","4","15","7","5","30","6","8","120","4","","",""
"2018091517","4","1","","800","","","","","10","242","217","10138","10128","","86","8","4","15","7","5","30","6","8","120","4","","",""
"2018091518","7","3","","800","","","","","10","230","211","10139","10129","","89","8","4","15","7","5","30","6","8","120","4","","",""
"2018091519","5","3","","800","","","","","10","226","210","10140","10130","","91","8","4","15","7","5","30","6","8","120","4","","",""
"2018091520","9","3","","800","","","","","10","227","209","10143","10133","","90","8","4","15","7","5","30","6","8","120","4","","",""
"2018091521","31","1","","800","","","","","10","223","214","10147","10137","","95","8","3","15","7","5","30","6","8","120","4","","",""
"2018091522","32","3","","800","","","","","10","219","214","10142","10132","","97","8","3","18","7","5","30","6","8","120","4","","",""
"2018091523","1","3","","","","","","","","219","214","10144","10134","","97","","","","","","","","","","","","",""
"2018091524","29","1","","","","","","","","218","213","10142","10132","","97","","","","","","","","","","","","",""
"2018091601","34","2","","","","","","","","208","208","10139","10129","","100","","","","","","","","","","","","",""
"2018091602","32","2","","","","","","","","203","203","10134","10124","","100","","","","","","","","","","","","",""
"2018091603","1","2","","","","","","","","201","201","10134","10124","","100","","","","","","","","","","","","",""
"2018091604","35","3","","","","","","","","198","198","10135","10125","","100","","","","","","","","","","","","",""
"2018091605","35","3","","","","","","","","196","196","10134","10124","","100","","","","","","","","","","","","",""
"2018091606","35","2","","270","","","","","10","193","193","10136","10126","","100","7","3","18","7","4","30","6","7","120","4","","",""
"2018091607","35","4","","190","","","","","41","202","202","10142","10132","","100","7","7","15","7","","","","","","","","",""
"2018091608","2","4","","600","","","","","10","220","215","10142","10132","","97","1","1","180","0","","","","","","","","",""
"2018091609","1","4","","800","","","","","10","252","217","10142","10132","","81","3","1","30","6","3","180","0","","","","","",""
"2018091610","35","3","","1000","","","","","","266","217","10141","10131","","75","3","2","30","6","3","180","0","","","","","",""
"2018091611","36","8","","1000","","","","","","278","216","10139","10129","","69","5","3","30","6","5","180","0","","","","","",""
"2018091612","3","6","","1000","","","","","","286","209","10136","10126","","63","5","3","30","6","5","180","0","","","","","",""
"2018091613","36","9","","1000","","","","","","290","210","10134","10124","","62","5","3","30","6","5","180","0","","","","","",""
"2018091614","17","8","","1000","","","","","","270","220","10134","10124","","74","6","4","30","6","6","180","0","","","","","",""
"2018091615","16","5","","1000","","","","","","261","216","10136","10126","","77","8","4","30","6","8","120","4","","","","","",""
"2018091616","8","3","","1000","","","","","","269","216","10135","10125","","73","7","4","30","6","7","120","4","","","","","",""
"2018091617","7","4","","1000","","","","","","257","211","10138","10128","","76","8","4","30","6","8","100","4","","","","","",""
"2018091618","6","3","","1000","","","","","","251","214","10141","10131","","80","8","4","35","6","8","120","4","","","","","",""
"2018091619","3","2","","800","","","","","61","234","218","10147","10137","5","91","8","5","30","6","8","120","4","","","","","",""
"2018091620","3","2","","700","","","","","10","228","224","10155","10145","0","98","8","4","30","6","8","120","4","","","","","",""
"2018091621","34","2","","700","","","","","10","226","222","10156","10146","","98","8","4","30","6","8","120","4","","","","","",""
"2018091622","31","4","","700","","","","","10","222","212","10155","10145","","94","8","4","30","6","8","120","4","","","","","",""
"2018091623","33","3","","","","","","","","217","211","10154","10144","","96","","","","","","","","","","","","",""
"2018091624","35","4","","","","","","","","217","211","10154","10144","","97","","","","","","","","","","","","",""
"2018091701","36","4","","","","","","","","219","202","10156","10146","","90","","","","","","","","","","","","",""
"2018091702","32","3","","","","","","","","218","204","10157","10147","","92","","","","","","","","","","","","",""
"2018091703","32","3","","","","","","","","213","204","10156","10146","","95","","","","","","","","","","","","",""
"2018091704","34","3","","","","","","","","211","202","10155","10145","","95","","","","","","","","","","","","",""
"2018091705","33","3","","","","","","","","208","198","10157","10147","","94","","","","","","","","","","","","",""
"2018091706","35","8","","800","","","","","10","211","192","10156","10146","","89","8","4","30","6","8","120","4","","","","","",""
"2018091707","35","7","","800","","","","","10","216","188","10159","10149","","84","7","2","30","6","7","130","3","","","","","",""
"2018091708","34","2","","800","","","","","10","224","194","10160","10150","","83","7","2","30","6","7","130","3","","","","","",""
"2018091709","36","8","","700","","","","","5","231","193","10165","10155","","79","7","3","30","6","7","130","3","","","","","",""
"2018091710","36","7","","700","","","","","5","243","194","10165","10155","","74","7","2","30","6","7","130","3","","","","","",""
"2018091711","1","11","","700","","","","","5","245","194","10162","10152","","73","8","2","30","6","8","130","3","","","","","",""
"2018091712","1","8","","700","","","","","5","250","192","10163","10153","","70","8","2","30","6","8","130","3","","","","","",""
"2018091713","34","5","","800","","","","","5","264","197","10158","10148","","67","6","2","30","6","6","160","0","","","","","",""
"2018091714","35","5","","800","","","","","5","269","190","10155","10145","","62","6","2","30","6","6","160","0","","","","","",""
"2018091715","34","5","","800","","","","","5","282","187","10148","10138","","56","5","1","30","6","5","160","0","","","","","",""
"2018091716","2","3","","800","","","","","5","281","177","10149","10139","","53","5","1","30","6","5","160","0","","","","","",""
"2018091717","9","6","","800","","","","","5","260","193","10154","10144","","67","5","1","30","6","5","160","0","","","","","",""
"2018091718","7","5","","800","","","","","5","245","181","10157","10147","","68","4","2","30","6","4","160","0","","","","","",""
"2018091719","6","6","","800","","","","","5","236","172","10160","10150","","67","4","2","30","6","4","160","0","","","","","",""
"2018091720","34","4","","800","","","","","5","220","181","10168","10158","","79","4","2","30","6","4","160","0","","","","","",""
"2018091721","34","4","","800","","","","","10","204","185","10175","10165","","89","4","2","30","6","4","160","0","","","","","",""
"2018091722","34","3","","600","","","","","10","190","184","10173","10163","","96","4","2","30","6","4","160","0","","","","","",""
"2018091723","34","4","","","","","","","","186","180","10172","10162","","96","","","","","","","","","","","","",""
"2018091724","35","4","","","","","","","","189","183","10172","10162","","96","","","","","","","","","","","","",""
"2018091801","34","4","","","","","","","","187","182","10173","10163","","97","","","","","","","","","","","","",""
"2018091802","34","4","","","","","","","","182","180","10169","10159","","99","","","","","","","","","","","","",""
"2018091803","35","4","","","","","","","","177","176","10170","10160","","100","","","","","","","","","","","","",""
"2018091804","34","4","","","","","","","","181","179","10171","10161","","99","","","","","","","","","","","","",""
"2018091805","34","5","","","","","","","","185","182","10171","10161","","98","","","","","","","","","","","","",""
"2018091806","35","5","","330","","","","","10","180","180","10173","10163","","100","4","4","30","6","","","","","","","","",""
"2018091807","35","6","","200","","","","","10","187","186","10172","10162","","100","4","4","30","6","","","","","","","","",""
"2018091808","36","6","","280","","","","","10","202","195","10175","10165","","96","4","4","30","6","","","","","","","","",""
"2018091809","1","5","","450","","","","","10","222","195","10172","10162","","85","4","4","30","6","","","","","","","","",""
"2018091810","1","6","","450","","","","","10","237","188","10172","10162","","74","4","4","30","6","","","","","","","","",""
"2018091811","22","2","","600","","","","","5","270","185","10166","10156","","60","4","4","30","6","","","","","","","","",""
"2018091812","12","2","","700","","","","","5","279","191","10156","10146","","59","4","4","30","6","","","","","","","","",""
"2018091813","18","11","","700","","","","","5","275","204","10150","10140","","65","4","4","30","6","","","","","","","","",""
"2018091814","17","12","","700","","","","","5","271","206","10147","10137","","68","4","4","30","6","","","","","","","","",""
"2018091815","19","11","","700","","","","","5","263","208","10141","10131","","72","4","4","30","6","","","","","","","","",""
"2018091816","15","6","","700","","","","","5","255","209","10141","10131","","76","5","4","30","6","5","200","2","","","","","",""
"2018091817","12","4","","700","","","","","5","258","211","10140","10130","","76","5","3","30","6","5","200","2","","","","","",""
"2018091818","11","4","","700","","","","","10","247","217","10143","10133","","83","5","2","30","6","5","200","2","","","","","",""
"2018091819","11","3","","700","","","","","10","237","208","10142","10132","","84","3","1","30","6","3","200","0","","","","","",""
"2018091820","34","4","","480","","","","","10","219","210","10150","10140","","95","3","1","30","6","3","200","0","","","","","",""
"2018091821","34","4","","480","","","","","10","211","205","10155","10145","","96","3","1","30","6","3","200","0","","","","","",""
"2018091822","35","4","","500","","","","","10","205","200","10155","10145","","97","3","1","30","6","3","200","0","","","","","",""
"2018091823","1","4","","","","","","","","212","207","10152","10142","","97","","","","","","","","","","","","",""
"2018091824","1","6","","","","","","","","208","201","10152","10142","","96","","","","","","","","","","","","",""
"2018091901","1","5","","","","","","","","202","196","10151","10141","","97","","","","","","","","","","","","",""
"2018091902","35","3","","","","","","","","200","195","10149","10139","","97","","","","","","","","","","","","",""
"2018091903","35","5","","","","","","","","196","192","10153","10143","","98","","","","","","","","","","","","",""
"2018091904","36","6","","","","","","","","200","192","10154","10144","","95","","","","","","","","","","","","",""
"2018091905","34","7","","","","","","","","201","186","10149","10139","","91","","","","","","","","","","","","",""
"2018091906","1","5","","700","","","","","10","192","180","10149","10139","","93","3","1","40","6","3","130","3","","","","","",""
"2018091907","1","4","","600","","","","","10","199","189","10152","10142","","94","5","1","40","6","5","130","3","","","","","",""
"2018091908","1","5","","700","","","","","10","208","181","10153","10143","","85","6","1","30","6","6","130","4","","","","","",""
"2018091909","36","7","","700","","","","","10","220","179","10156","10146","","78","6","1","30","6","6","130","4","","","","","",""
"2018091910","2","3","","700","","","","","5","241","190","10156","10146","","73","7","1","30","6","7","130","4","","","","","",""
"2018091911","7","5","","700","","","","","5","244","192","10151","10141","","73","7","1","30","6","7","130","4","","","","","",""
"2018091912","7","3","","700","","","","","5","249","192","10146","10136","","71","8","3","30","6","8","130","4","","","","","",""
"2018091913","18","3","","700","","","","","5","262","194","10141","10131","","67","8","3","30","6","8","130","4","","","","","",""
"2018091914","10","5","","700","","","","","5","255","201","10133","10123","","72","8","3","30","6","8","130","4","","","","","",""
"2018091915","8","4","","700","","","","","10","245","200","10129","10119","","76","8","3","30","6","8","130","4","","","","","",""
"2018091916","8","3","","700","","","","","10","235","198","10128","10118","","79","8","3","30","6","8","130","4","","","","","",""
"2018091917","10","3","","700","","","","","10","235","202","10127","10117","","82","8","3","30","6","8","130","4","","","","","",""
"2018091918","33","3","","700","","","","","10","230","201","10128","10118","","84","8","3","30","6","8","130","4","","","","","",""
"2018091919","1","4","","700","","","","","61","227","205","10129","10119","0","87","8","4","30","6","8","100","4","","","","","",""
"2018091920","35","4","","450","","","","","61","216","210","10130","10120","0","96","8","2","15","7","4","25","6","8","100","4","","",""
"2018091921","32","3","","500","","","","","61","217","208","10132","10122","0","96","8","2","15","7","4","25","6","8","100","4","","",""
"2018091922","34","6","","500","","","","","61","220","208","10129","10119","0","93","8","2","12","7","4","25","6","8","100","4","","",""
"2018091923","33","2","","","","","","","","208","205","10128","10118","15","98","","","","","","","","","","","","",""
"2018091924","34","4","","","","","","","","206","206","10123","10113","15","100","","","","","","","","","","","","",""
"2018092001","15","5","","440","","","","","51","205","201","10119","10109","0","97","","","17","","","","","","","","","",""
"2018092002","19","1","","","","","","","","206","203","10114","10104","5","98","","","","","","","","","","","","",""
"2018092003","35","2","","","","","","","","205","205","10106","10096","","100","","","","","","","","","","","","",""
"2018092004","33","3","","","","","","","","205","204","10103","10093","","99","","","","","","","","","","","","",""
"2018092005","36","3","","","","","","","","202","202","10101","10091","15","100","","","","","","","","","","","","",""
"2018092006","33","2","","350","","","","","61","202","202","10100","10090","5","100","8","3","8","7","6","25","6","8","80","4","","",""
"2018092007","29","2","","250","","","","","61","200","200","10102","10092","20","100","8","3","8","7","6","25","6","8","80","4","","",""
"2018092008","1","4","","250","","","","","61","202","202","10101","10091","30","100","8","3","8","7","6","25","6","8","80","4","","",""
"2018092009","34","4","","280","","","","","61","205","205","10100","10090","5","100","8","4","8","7","6","25","6","8","80","5","","",""
"2018092010","7","2","","420","","","","","61","209","203","10102","10092","10","96","8","4","8","7","6","25","6","8","80","5","","",""
"2018092011","6","6","","480","","","","","61","207","198","10100","10090","0","95","8","4","8","7","6","20","6","8","80","5","","",""
"2018092012","35","4","","480","","","","","60","203","193","10099","10089","5","94","8","4","8","7","6","20","6","8","80","5","","",""
"2018092013","1","9","","480","","","","","51","203","192","10097","10087","0","93","8","4","8","7","6","20","6","8","90","5","","",""
"2018092014","36","8","","500","","","","","10","199","192","10094","10084","0","96","8","4","8","7","6","20","6","8","100","4","","",""
"2018092015","35","6","","1000","","","","","","205","183","10094","10084","","87","8","3","15","7","6","20","6","8","120","4","","",""
"2018092016","33","5","","1000","","","","","","207","181","10093","10083","","85","8","5","25","6","8","120","4","","","","","",""
"2018092017","1","6","","1000","","","","","","209","183","10098","10088","","85","8","5","25","6","8","120","4","","","","","",""
"2018092018","1","5","","1000","","","","","","206","185","10101","10091","","88","8","5","30","6","8","120","4","","","","","",""
"2018092019","4","6","","1000","","","","","","210","187","10107","10097","","87","8","5","30","6","8","120","4","","","","","",""
"2018092020","35","3","","1000","","","","","","209","188","10111","10101","","88","8","5","40","6","8","120","4","","","","","",""
"2018092021","2","6","","1000","","","","","","215","187","10114","10104","","84","5","5","30","6","","","","","","","","",""
"2018092022","2","5","","1000","","","","","","207","185","10115","10105","","88","5","5","30","6","","","","","","","","",""
"2018092023","4","3","","","","","","","","202","189","10113","10103","","92","","","","","","","","","","","","",""
"2018092024","1","3","","","","","","","","198","189","10109","10099","","94","","","","","","","","","","","","",""
"2018092101","1","5","","","","","","","","199","190","10109","10099","","94","","","","","","","","","","","","",""
"2018092102","2","3","","","","","","","","201","188","10108","10098","","92","","","","","","","","","","","","",""
"2018092103","1","4","","","","","","","","196","190","10106","10096","","96","","","","","","","","","","","","",""
"2018092104","2","5","","","","","","","","197","190","10103","10093","","96","","","","","","","","","","","","",""
"2018092105","3","3","","","","","","","","197","191","10095","10085","","97","","","","","","","","","","","","",""
"2018092106","36","3","","600","","","","","10","200","195","10098","10088","","97","8","2","15","7","4","25","6","8","100","4","","",""
"2018092107","35","5","","600","","","","","10","200","197","10095","10085","","98","8","2","15","7","5","25","6","8","100","4","","",""
"2018092108","31","4","","600","","","","","60","209","200","10093","10083","0","95","8","2","15","7","5","25","6","8","100","4","","",""
"2018092109","12","4","","350","","","","","61","212","207","10089","10079","10","97","8","4","10","7","6","20","6","8","80","5","","",""
"2018092110","8","4","","300","","","","","61","214","207","10083","10073","0","96","8","4","12","7","6","25","6","8","80","5","","",""
"2018092111","6","3","","300","","","","","63","215","209","10078","10068","25","97","8","4","8","7","6","25","6","8","80","5","","",""
"2018092112","32","5","","480","","","","","61","213","211","10074","10064","55","99","8","4","8","7","6","20","6","8","80","5","","",""
"2018092113","36","9","","600","","","","","61","208","207","10067","10057","85","99","8","4","12","7","6","25","6","8","70","5","","",""
"2018092114","3","10","","380","","","","","61","204","200","10065","10055","85","98","8","4","12","7","6","25","6","8","70","5","","",""
"2018092115","1","11","","500","","","","","61","211","202","10064","10054","35","95","8","4","13","7","6","25","6","8","70","5","","",""
"2018092116","1","13","","350","","","","","61","206","195","10066","10056","20","94","8","4","13","7","6","20","6","8","70","5","","",""
"2018092117","1","12","","600","","","","","61","200","192","10072","10062","5","95","8","4","13","7","6","20","6","8","100","4","","",""
"2018092118","36","9","","800","","","","","10","197","191","10077","10067","0","96","8","3","17","7","5","30","6","8","120","4","","",""
"2018092119","35","9","","800","","","","","10","199","190","10087","10077","","95","8","3","17","7","5","30","6","8","120","4","","",""
"2018092120","36","9","","800","","","","","10","196","189","10096","10086","","96","8","3","17","7","5","30","6","8","120","4","","",""
"2018092121","36","5","","800","","","","","10","193","187","10106","10096","","96","8","2","17","7","4","30","6","8","120","4","","",""
"2018092122","3","4","","800","","","","","10","192","183","10110","10100","","94","6","3","30","6","6","50","6","","","","","",""
"2018092123","36","2","","","","","","","","184","181","10110","10100","","98","","","","","","","","","","","","",""
"2018092124","2","4","","","","","","","","186","181","10111","10101","","97","","","","","","","","","","","","",""
"2018092201","32","2","","","","","","","","184","182","10115","10105","","99","","","","","","","","","","","","",""
"2018092202","31","2","","","","","","","","181","179","10116","10106","","99","","","","","","","","","","","","",""
"2018092203","30","2","","","","","","","","180","180","10120","10110","","100","","","","","","","","","","","","",""
"2018092204","34","3","","","","","","","","174","173","10122","10112","","100","","","","","","","","","","","","",""
"2018092205","34","5","","","","","","","","167","166","10130","10120","","100","","","","","","","","","","","","",""
"2018092206","3","4","","1000","","","","","","170","170","10138","10128","","100","2","2","30","6","","","","","","","","",""
"2018092207","34","4","","1000","","","","","","172","172","10143","10133","","100","3","1","30","6","3","150","3","","","","","",""
"2018092208","33","3","","1000","","","","","","193","180","10146","10136","","92","3","1","30","6","3","180","0","","","","","",""
"2018092209","14","2","","1000","","","","","","219","186","10149","10139","","81","3","1","30","6","3","180","0","","","","","",""
"2018092210","4","5","","1000","","","","","","232","180","10151","10141","","73","3","3","180","0","","","","","","","","",""
"2018092211","33","7","","1000","","","","","","252","169","10149","10139","","60","3","3","180","0","","","","","","","","",""
"2018092212","29","5","","1000","","","","","","267","169","10147","10137","","55","5","2","30","6","5","160","0","","","","","",""
"2018092213","33","4","","1000","","","","","","270","169","10140","10130","","55","5","3","30","6","5","160","0","","","","","",""
"2018092214","32","3","","1000","","","","","","280","163","10135","10125","","49","5","3","30","6","5","160","0","","","","","",""
"2018092215","36","4","","1000","","","","","","273","162","10130","10120","","51","5","3","30","6","5","160","0","","","","","",""
"2018092216","21","3","","1000","","","","","","270","174","10133","10123","","56","5","3","30","6","5","160","0","","","","","",""
"2018092217","34","6","","1000","","","","","","266","145","10136","10126","","48","5","3","30","6","5","160","0","","","","","",""
"2018092218","35","3","","1000","","","","","","232","169","10141","10131","","68","5","4","30","6","5","160","0","","","","","",""
"2018092219","35","6","","1000","","","","","","210","178","10145","10135","","82","7","4","30","6","7","130","3","","","","","",""
"2018092220","34","4","","1000","","","","","","198","173","10153","10143","","85","7","4","30","6","7","130","3","","","","","",""
"2018092221","34","6","","1000","","","","","","188","171","10157","10147","","90","7","2","40","6","7","140","3","","","","","",""
"2018092222","35","5","","1000","","","","","","180","162","10160","10150","","89","7","1","40","6","7","140","3","","","","","",""
"2018092223","35","6","","","","","","","","169","157","10161","10151","","93","","","","","","","","","","","","",""
"2018092224","1","5","","","","","","","","161","151","10165","10154","","94","","","","","","","","","","","","",""
"2018092301","36","6","","","","","","","","154","146","10164","10153","","95","","","","","","","","","","","","",""
"2018092302","35","6","","","","","","","","146","138","10166","10155","","95","","","","","","","","","","","","",""
"2018092303","36","4","","","","","","","","143","137","10165","10154","","96","","","","","","","","","","","","",""
"2018092304","35","5","","","","","","","","142","134","10169","10158","","95","","","","","","","","","","","","",""
"2018092305","33","3","","","","","","","","136","131","10168","10157","","97","","","","","","","","","","","","",""
"2018092306","36","4","","1000","","","","","","139","134","10168","10157","","97","6","6","200","0","","","","","","","","",""
"2018092307","34","2","","1000","","","","","","140","134","10169","10158","","96","3","3","200","0","","","","","","","","",""
"2018092308","1","2","","1000","","","","","","173","150","10170","10160","","86","3","3","200","0","","","","","","","","",""
"2018092309","36","4","","1000","","","","","","202","147","10167","10157","","71","5","5","180","0","","","","","","","","",""
"2018092310","6","2","","1000","","","","","","242","140","10167","10157","","53","5","5","180","0","","","","","","","","",""
"2018092311","20","5","","1000","","","","","","264","114","10160","10150","","39","5","5","160","0","","","","","","","","",""
"2018092312","17","10","","1000","","","","","","264","163","10156","10146","","54","7","5","130","3","7","180","0","","","","","",""
"2018092313","16","11","","1000","","","","","","265","174","10148","10138","","58","7","5","130","3","7","180","0","","","","","",""
"2018092314","17","12","","1000","","","","","","266","177","10139","10129","","58","6","6","180","0","","","","","","","","",""
"2018092315","18","12","","1000","","","","","","258","182","10133","10123","","63","6","6","180","0","","","","","","","","",""
"2018092316","20","10","","1000","","","","","","262","181","10130","10120","","61","7","7","180","0","","","","","","","","",""
"2018092317","21","11","","1000","","","","","","257","166","10131","10121","","57","7","7","160","0","","","","","","","","",""
"2018092318","23","7","","1000","","","","","","250","143","10134","10124","","52","7","5","130","3","7","160","0","","","","","",""
"2018092319","36","6","","1000","","","","","","211","166","10135","10125","","76","7","5","130","3","7","160","0","","","","","",""
"2018092320","35","6","","1000","","","","","","197","169","10141","10131","","84","7","5","130","3","7","160","0","","","","","",""
"2018092321","36","5","","1000","","","","","","185","168","10149","10139","","90","7","7","140","3","","","","","","","","",""
"2018092322","36","8","","1000","","","","","","180","172","10157","10147","","95","4","4","140","3","","","","","","","","",""
"2018092323","35","7","","","","","","","","185","163","10159","10149","","87","","","","","","","","","","","","",""
"2018092324","3","2","","","","","","","","176","152","10163","10153","","86","","","","","","","","","","","","",""
"2018092401","36","3","","","","","","","","173","138","10165","10155","","80","","","","","","","","","","","","",""
"2018092402","36","7","","","","","","","","184","108","10168","10158","","61","","","","","","","","","","","","",""
"2018092403","34","10","","","","","","","","191","99","10166","10156","","55","","","","","","","","","","","","",""
"2018092404","36","5","","","","","","","","180","91","10168","10158","","56","","","","","","","","","","","","",""
"2018092405","35","9","","","","","","","","181","94","10168","10158","","57","","","","","","","","","","","","",""
"2018092406","34","7","","1000","","","","","","166","100","10175","10164","","65","5","5","200","0","","","","","","","","",""
"2018092407","32","5","","1000","","","","","","164","103","10178","10167","","68","7","7","200","0","","","","","","","","",""
"2018092408","36","2","","1000","","","","","","171","125","10178","10168","","75","7","7","200","0","","","","","","","","",""
"2018092409","33","4","","1000","","","","","","190","116","10182","10172","","62","7","7","180","0","","","","","","","","",""
"2018092410","35","5","","1000","","","","","","201","120","10187","10177","","60","7","7","180","0","","","","","","","","",""
"2018092411","36","11","","1000","","","","","","211","100","10186","10176","","49","7","7","180","0","","","","","","","","",""
"2018092412","36","12","","1000","","","","","","219","95","10182","10172","","45","7","7","180","0","","","","","","","","",""
"2018092413","36","11","","1000","","","","","","217","88","10177","10167","","44","7","7","180","0","","","","","","","","",""
"2018092414","36","9","","1000","","","","","","217","100","10173","10163","","47","7","7","180","0","","","","","","","","",""
"2018092415","36","7","","1000","","","","","","210","90","10171","10161","","47","7","7","180","0","","","","","","","","",""
"2018092416","36","4","","1000","","","","","","209","97","10174","10164","","49","7","1","40","6","7","180","0","","","","","",""
"2018092417","3","3","","1000","","","","","","199","127","10172","10162","","63","7","1","40","6","7","180","0","","","","","",""
"2018092418","32","4","","1000","","","","","","177","143","10175","10165","","81","7","7","180","0","","","","","","","","",""
"2018092419","33","3","","1000","","","","","","162","144","10178","10167","","89","7","7","180","0","","","","","","","","",""
"2018092420","34","4","","1000","","","","","","150","138","10184","10173","","92","7","7","180","0","","","","","","","","",""
"2018092421","34","4","","1000","","","","","","146","132","10190","10179","","91","7","7","180","0","","","","","","","","",""
"2018092422","35","5","","1000","","","","","","131","123","10191","10180","","95","7","7","180","0","","","","","","","","",""
"2018092423","36","5","","","","","","","","127","120","10190","10179","","95","","","","","","","","","","","","",""
"2018092424","35","5","","","","","","","","116","110","10190","10179","","96","","","","","","","","","","","","",""
"2018092501","36","4","","","","","","","","115","110","10191","10180","","97","","","","","","","","","","","","",""
"2018092502","36","5","","","","","","","","112","108","10189","10178","","98","","","","","","","","","","","","",""
"2018092503","1","6","","","","","","","","114","107","10186","10175","","96","","","","","","","","","","","","",""
"2018092504","1","8","","","","","","","","125","114","10181","10170","","93","","","","","","","","","","","","",""
"2018092505","2","7","","","","","","","","125","112","10183","10172","","92","","","","","","","","","","","","",""
"2018092506","1","7","","1000","","","","","","128","110","10186","10175","","89","0","","","","","","","","","","","",""
"2018092507","2","8","","1000","","","","","","134","110","10187","10176","","85","0","","","","","","","","","","","",""
"2018092508","2","9","","1000","","","","","","155","117","10189","10178","","78","0","","","","","","","","","","","",""
"2018092509","1","9","","1000","","","","","","182","120","10191","10181","","67","0","","","","","","","","","","","",""
"2018092510","36","10","","1000","","","","","","212","132","10191","10181","","61","1","1","40","6","","","","","","","","",""
"2018092511","3","11","","1000","","","","","","225","126","10188","10178","","54","2","2","40","6","","","","","","","","",""
"2018092512","7","9","","1000","","","","","","231","126","10184","10174","","51","2","2","40","6","","","","","","","","",""
"2018092513","7","13","","1000","","","","","","215","124","10178","10168","","56","2","2","40","6","","","","","","","","",""
"2018092514","7","13","","1000","","","","","","221","131","10174","10164","","57","4","4","40","6","","","","","","","","",""
"2018092515","6","9","","1000","","","","","","210","133","10172","10162","","62","4","4","40","6","","","","","","","","",""
"2018092516","5","11","23","1000","","","","","","212","128","10178","10168","","59","3","3","40","6","","","","","","","","",""
"2018092517","3","10","","1000","","","","","","207","114","10178","10168","","55","4","2","40","6","4","180","0","","","","","",""
"2018092518","36","9","","1000","","","","","","193","117","10176","10166","","61","4","1","40","6","4","180","0","","","","","",""
"2018092519","35","6","","1000","","","","","","182","108","10182","10172","","62","3","1","40","6","3","180","0","","","","","",""
"2018092520","35","7","","1000","","","","","","180","128","10185","10175","","72","3","1","35","6","3","180","0","","","","","",""
"2018092521","33","7","","800","","","","","61","163","144","10194","10183","10","89","7","7","30","6","","","","","","","","",""
"2018092522","33","3","","800","","","","","63","164","158","10191","10180","45","97","7","7","30","6","","","","","","","","",""
"2018092523","36","4","","1000","","","","","21","172","158","10188","10178","0","92","","","","","","","","","","","","",""
"2018092524","4","7","","","","","","","","194","151","10182","10172","","76","","","","","","","","","","","","",""
"2018092601","6","7","","","","","","","","203","142","10177","10167","","68","","","","","","","","","","","","",""
"2018092602","7","9","","","","","","","","206","141","10179","10169","","67","","","","","","","","","","","","",""
"2018092603","6","6","","","","","","","","206","142","10181","10171","","67","","","","","","","","","","","","",""
"2018092604","7","8","","1000","","","","","60","199","155","10185","10175","5","76","","","33","","","","","","","","","",""
"2018092605","2","5","","1000","","","","","21","191","150","10184","10174","5","77","","","45","","","","","","","","","",""
"2018092606","4","8","","1000","","","","","","193","151","10190","10180","","77","8","4","30","6","8","120","4","","","","","",""
"2018092607","5","6","17","1000","","","","","","204","143","10192","10182","","68","8","5","30","6","8","120","4","","","","","",""
"2018092608","6","8","19","1000","","","","","","204","143","10188","10178","","68","8","4","30","6","8","130","4","","","","","",""
"2018092609","4","10","","1000","","","","","","206","133","10185","10175","","63","8","4","30","6","8","130","4","","","","","",""
"2018092610","5","10","22","1000","","","","","","211","130","10194","10184","","60","8","4","30","6","8","130","4","","","","","",""
"2018092611","4","11","23","1000","","","","","","218","130","10193","10183","","57","8","4","30","6","8","130","4","","","","","",""
"2018092612","3","12","","1000","","","","","","216","142","10191","10181","","63","8","4","30","6","8","130","4","","","","","",""
"2018092613","4","9","","1000","","","","","","213","135","10191","10181","","61","8","4","30","6","8","130","4","","","","","",""
"2018092614","2","9","","1000","","","","","","223","135","10189","10179","","58","7","4","30","6","7","130","4","","","","","",""
"2018092615","3","12","","1000","","","","","","208","131","10180","10170","","61","7","4","30","6","7","130","4","","","","","",""
"2018092616","3","13","","1000","","","","","","205","137","10174","10164","","65","6","4","30","6","6","130","4","","","","","",""
"2018092617","2","7","","1000","","","","","","198","130","10184","10174","","65","7","4","30","6","7","130","4","","","","","",""
"2018092618","36","11","","1000","","","","","","189","126","10183","10173","","67","3","3","30","6","","","","","","","","",""
"2018092619","36","13","","1000","","","","","","181","120","10186","10176","","68","3","3","30","6","","","","","","","","",""
"2018092620","36","11","","1000","","","","","","167","116","10189","10178","","72","3","3","30","6","","","","","","","","",""
"2018092621","35","9","","1000","","","","","","160","114","10190","10179","","74","3","3","30","6","","","","","","","","",""
"2018092622","2","5","","1000","","","","","","150","117","10189","10178","","81","3","3","30","6","","","","","","","","",""
"2018092623","2","6","","","","","","","","146","119","10185","10174","","84","","","","","","","","","","","","",""
"2018092624","2","7","","","","","","","","148","119","10181","10170","","83","","","","","","","","","","","","",""
"2018092701","2","7","","","","","","","","149","124","10180","10169","","85","","","","","","","","","","","","",""
"2018092702","3","8","","","","","","","","152","128","10178","10167","","86","","","","","","","","","","","","",""
"2018092703","1","8","","","","","","","","149","133","10174","10163","","90","","","","","","","","","","","","",""
"2018092704","3","6","","","","","","","","149","132","10173","10162","","90","","","","","","","","","","","","",""
"2018092705","2","8","","","","","","","","148","129","10172","10161","","88","","","","","","","","","","","","",""
"2018092706","2","8","","1000","","","","","","148","127","10173","10162","","88","1","1","40","6","","","","","","","","",""
"2018092707","2","8","","1000","","","","","","152","129","10176","10165","","86","1","1","40","6","","","","","","","","",""
"2018092708","1","9","","1000","","","","","","168","134","10177","10167","","80","2","2","40","6","","","","","","","","",""
"2018092709","36","10","","1000","","","","","","203","145","10178","10168","","69","2","2","40","6","","","","","","","","",""
"2018092710","1","11","","1000","","","","","","221","148","10181","10171","","63","4","4","40","6","","","","","","","","",""
"2018092711","3","8","","1000","","","","","","223","145","10181","10171","","62","4","4","40","6","","","","","","","","",""
"2018092712","7","11","23","1000","","","","","","233","120","10175","10165","","49","5","5","40","6","","","","","","","","",""
"2018092713","3","9","","1000","","","","","","213","139","10174","10164","","63","5","5","40","6","","","","","","","","",""
"2018092714","6","10","","1000","","","","","","217","125","10173","10163","","56","5","5","40","6","","","","","","","","",""
"2018092715","1","14","25","1000","","","","","","219","133","10172","10162","","58","5","5","40","6","","","","","","","","",""
"2018092716","2","11","","1000","","","","","","217","129","10175","10165","","57","4","4","40","6","","","","","","","","",""
"2018092717","2","10","","1000","","","","","","206","126","10178","10168","","61","3","3","40","6","","","","","","","","",""
"2018092718","2","9","","1000","","","","","","192","122","10178","10168","","64","3","3","40","6","","","","","","","","",""
"2018092719","35","11","","1000","","","","","","185","117","10183","10173","","65","3","3","40","6","","","","","","","","",""
"2018092720","35","7","","1000","","","","","","170","114","10188","10177","","70","3","3","40","6","","","","","","","","",""
"2018092721","36","6","","1000","","","","","","167","109","10192","10181","","69","1","1","40","6","","","","","","","","",""
"2018092722","4","5","","1000","","","","","","158","107","10192","10181","","72","1","1","40","6","","","","","","","","",""
"2018092723","3","6","","","","","","","","156","110","10188","10177","","74","","","","","","","","","","","","",""
"2018092724","1","6","","","","","","","","144","111","10189","10178","","80","","","","","","","","","","","","",""
"2018092801","35","5","","","","","","","","138","113","10191","10180","","85","","","","","","","","","","","","",""
"2018092802","1","8","","","","","","","","144","113","10188","10177","","82","","","","","","","","","","","","",""
"2018092803","36","9","","","","","","","","145","112","10188","10177","","80","","","","","","","","","","","","",""
"2018092804","2","8","","","","","","","","146","113","10183","10172","","81","","","","","","","","","","","","",""
"2018092805","1","6","","","","","","","","142","115","10184","10173","","84","","","","","","","","","","","","",""
"2018092806","3","7","","1000","","","","","","147","119","10184","10173","","83","3","3","30","6","","","","","","","","",""
"2018092807","2","6","","1000","","","","","20","151","127","10185","10174","0","86","5","5","30","6","","","","","","","","",""
"2018092808","1","8","","1000","","","","","21","160","135","10190","10179","0","85","6","6","30","6","","","","","","","","",""
"2018092809","1","7","","1000","","","","","61","167","146","10194","10183","0","88","8","6","40","6","8","120","4","","","","","",""
"2018092810","36","10","","800","","","","","61","159","151","10196","10185","5","95","8","6","30","6","8","120","4","","","","","",""
"2018092811","36","9","","1000","","","","","61","169","155","10193","10182","0","92","8","6","30","6","8","120","4","","","","","",""
"2018092812","36","8","","1000","","","","","21","200","171","10187","10177","0","84","7","7","30","6","","","","","","","","",""
"2018092813","35","8","","1000","","","","","","206","163","10184","10174","","76","7","7","40","6","","","","","","","","",""
"2018092814","9","7","","1000","","","","","","228","139","10175","10165","","57","6","6","40","6","","","","","","","","",""
"2018092815","7","7","","1000","","","","","","226","134","10176","10166","","56","6","5","40","6","6","140","3","","","","","",""
"2018092816","7","7","","1000","","","","","","217","138","10175","10165","","61","6","5","40","6","6","140","3","","","","","",""
"2018092817","6","5","","1000","","","","","","210","134","10173","10163","","62","6","5","40","6","6","140","3","","","","","",""
"2018092818","3","5","","1000","","","","","","200","124","10173","10163","","62","6","5","40","6","6","140","3","","","","","",""
"2018092819","33","5","","1000","","","","","","184","134","10177","10167","","73","6","5","40","6","6","140","3","","","","","",""
"2018092820","31","4","","1000","","","","","","173","138","10182","10172","","80","6","5","40","6","6","140","3","","","","","",""
"2018092821","33","4","","1000","","","","","","165","141","10187","10176","","86","6","5","40","6","6","140","3","","","","","",""
"2018092822","35","4","","1000","","","","","","167","140","10185","10174","","84","6","4","40","6","6","140","3","","","","","",""
"2018092823","35","3","","","","","","","","160","142","10185","10174","","89","","","","","","","","","","","","",""
"2018092824","36","2","","","","","","","","158","143","10179","10168","","91","","","","","","","","","","","","",""
"2018092901","34","2","","","","","","","","154","142","10171","10160","","92","","","","","","","","","","","","",""
"2018092902","1","2","","","","","","","","155","144","10168","10157","","93","","","","","","","","","","","","",""
"2018092903","1","7","","","","","","","","168","147","10162","10152","","88","","","","","","","","","","","","",""
"2018092904","1","6","","","","","","","","169","148","10158","10148","","87","","","","","","","","","","","","",""
"2018092905","1","6","","","","","","","","168","148","10163","10153","","88","","","","","","","","","","","","",""
"2018092906","1","3","","1000","","","","","60","163","153","10157","10147","0","94","8","5","25","6","8","120","4","","","","","",""
"2018092907","35","5","","1000","","","","","61","161","157","10155","10144","10","98","8","4","30","6","8","120","4","","","","","",""
"2018092908","36","6","","1000","","","","","61","165","158","10154","10144","5","96","8","4","30","6","8","120","4","","","","","",""
"2018092909","2","5","","1000","","","","","21","175","164","10155","10145","5","94","8","4","40","6","8","120","4","","","","","",""
"2018092910","36","7","","900","","","","","61","183","171","10154","10144","0","93","8","5","30","6","8","100","4","","","","","",""
"2018092911","36","5","","700","","","","","61","181","172","10154","10144","10","95","8","5","30","6","8","100","4","","","","","",""
"2018092912","36","4","","700","","","","","61","178","175","10147","10137","25","98","8","5","30","6","8","100","4","","","","","",""
"2018092913","14","2","","490","","","","","61","180","177","10140","10130","20","98","8","2","15","7","6","30","6","8","90","5","","",""
"2018092914","11","1","","480","","","","","63","178","178","10129","10119","50","100","8","2","15","7","6","30","6","8","70","5","","",""
"2018092915","1","1","","480","","","","","63","179","179","10120","10110","30","100","8","2","15","7","6","30","6","8","70","5","","",""
"2018092916","13","4","","480","","","","","63","179","179","10122","10112","30","100","8","2","15","7","6","30","6","8","70","5","","",""
"2018092917","8","3","","1000","","","","","61","179","179","10118","10108","15","100","8","2","15","7","6","30","6","8","100","4","","",""
"2018092918","35","5","","1000","","","","","21","176","174","10106","10096","5","99","8","6","30","6","8","120","4","","","","","",""
"2018092919","33","5","","600","","","","","61","178","177","10126","10116","0","99","8","2","15","7","6","25","6","8","90","5","","",""
"2018092920","30","6","","600","","","","","61","177","177","10119","10109","0","100","8","2","15","7","6","25","6","8","90","5","","",""
"2018092921","35","4","","600","","","","","61","178","176","10110","10100","5","99","8","2","15","7","5","25","6","8","90","5","","",""
"2018092922","33","7","","600","","","","","61","178","176","10106","10096","0","99","8","2","15","7","5","25","6","8","80","5","","",""
"2018092923","3","2","","","","","","","","178","177","10102","10092","5","100","","","","","","","","","","","","",""
"2018092924","35","8","","","","","","","","177","177","10088","10078","25","100","","","","","","","","","","","","",""
"2018093001","6","4","","","","","","","","178","178","10087","10077","30","100","","","","","","","","","","","","",""
"2018093002","36","5","","","","","","","","178","178","10077","10067","30","100","","","","","","","","","","","","",""
"2018093003","35","6","","","","","","","","177","177","10076","10066","25","100","","","","","","","","","","","","",""
"2018093004","5","2","","","","","","","","175","175","10071","10061","35","100","","","","","","","","","","","","",""
"2018093005","36","8","","","","","","","","174","174","10062","10052","15","100","","","","","","","","","","","","",""
"2018093006","36","9","","420","","","","","61","174","174","10060","10050","10","100","8","2","15","7","5","25","6","8","80","5","","",""
"2018093007","36","5","","600","","","","","61","176","176","10059","10049","0","100","8","2","15","7","5","25","6","8","80","5","","",""
"2018093008","1","8","","600","","","","","61","180","178","10058","10048","0","99","8","2","15","7","5","25","6","8","80","5","","",""
"2018093009","36","10","","400","","","","","61","182","179","10055","10045","10","98","8","4","10","7","5","20","6","8","80","5","","",""
"2018093010","1","10","","450","","","","","61","187","181","10054","10044","10","96","8","4","15","7","5","25","6","8","80","5","","",""
"2018093011","36","10","","600","","","","","61","193","185","10042","10032","5","95","8","4","15","7","5","25","6","8","80","5","","",""
"2018093012","36","14","","600","","","","","61","200","185","10026","10016","5","92","8","4","15","7","5","25","6","8","80","5","","",""
"2018093013","36","12","","800","","","","","10","217","186","10012","10002","0","83","7","4","30","6","7","120","4","","","","","",""
"2018093014","2","13","","1000","","","","","","225","171","10002","9992","","71","7","4","30","6","7","150","3","","","","","",""
"2018093015","3","7","","1000","","","","","","237","176","9990","9980","","69","5","2","30","6","5","150","3","","","","","",""
"2018093016","3","7","21","1000","","","","","","238","167","9986","9976","","65","4","2","30","6","4","150","3","","","","","",""
"2018093017","6","5","","1000","","","","","","230","166","9986","9976","","68","2","2","160","0","","","","","","","","",""
"2018093018","35","3","","1000","","","","","","198","179","9985","9975","","89","0","","","","","","","","","","","",""
"2018093019","35","5","","1000","","","","","","185","150","9990","9980","","80","0","","","","","","","","","","","",""
"2018093020","34","10","","1000","","","","","","192","104","10004","9994","","57","0","","","","","","","","","","","",""
"2018093021","36","13","","1000","","","","","","171","67","10015","10005","","50","0","","","","","","","","","","","",""
"2018093022","33","11","25","1000","","","","","","167","47","10023","10013","","45","0","","","","","","","","","","","",""
"2018093023","33","7","","","","","","","","160","50","10019","10009","","48","","","","","","","","","","","","",""
